assets/merequester/blockstates/requester.json	2837	1827db88a4194a12a169509bbc386603ca5a1c618bc85ffd0106981a694beecb
assets/merequester/models/block/requester.json	2104	065177ccd37084d41d9da4e06759c883067164ce5dbbb966ccb2f9ac0ea452bb
assets/merequester/models/block/requester_active.json	116	71308a8e933999e20b3b05a3aee02d305400fe9ac5599921bb225bca80348782
assets/merequester/models/part/requester_terminal_off.json	253	f45ca419b4841a1b25f5ccdaef77725ffc635146e89c98c2817f5222025f10b3
assets/merequester/models/part/requester_terminal_on.json	976	60d736af9e83c5f19615721ffd356d8988d773aea83d0bb39fde11e78fd87d9c
assets/merequester/textures/block/requester.png	407	4cd91435cd575338b13609f0b446acec5640058a57b910362b9bc9cf2a2c7a2b
assets/merequester/textures/block/requester_active.png	549	fa0ca637988fbb139f91e2816da8393e05dfc0b1756717ee83862915a53ff6d0
assets/merequester/textures/block/requester_active.png.mcmeta	133	4a4ea2ba1f6d0dd8239f0f6823c62a04c1ad9ac8c66001e872650936df92744d
assets/merequester/textures/part/requester_terminal.png	1473	c8608c934f6db70a0a084d0ab06b241e3a6d93b204654363286be25423d49784
assets/merequester/textures/part/requester_terminal_bright.png	152	b91949b6837088b9fcb553329cdc10fbedaabac627401e9eb4372165458be487
assets/merequester/textures/part/requester_terminal_dark.png	139	0e8f691f4ecd780e73dfedcaacaecc312558b49baea28ad4572b1f227354ff17
assets/merequester/textures/part/requester_terminal_medium.png	156	c0ad05e903d754857f51f0e6b55501e7b1c59a6000460dda89338b1828069e18
