assets/megacells/models/block/drive/cells/16m_chemical_cell.json	1670	c0a8b7468f74a5b841f8a4b77465e389b3ef509da9df083e7a590cea6b8ff9cf
assets/megacells/models/block/drive/cells/16m_experience_cell.json	1676	03dba5d758099a6a7666e256d57acb598b1dd237fd52a21f3db817aa7df003c6
assets/megacells/models/block/drive/cells/16m_fluid_cell.json	1670	63fa99ecf1d57a9221855f07778b61ab24764fb36cbfedabfe15cffae0425961
assets/megacells/models/block/drive/cells/16m_item_cell.json	1670	f47b6a952b30471b2e2309342609606ea7e06ff18087bb456f3fdf8c6bdcf933
assets/megacells/models/block/drive/cells/16m_mana_cell.json	1670	929d24f163c14c12736bccc57bafb57dc8e3feeaa3e456024bfd42200526876b
assets/megacells/models/block/drive/cells/16m_soul_cell.json	1676	4b8de4a3d7302cc159480aca522210e293f8fccb11640ff67d2e5ec695d23926
assets/megacells/models/block/drive/cells/16m_source_cell.json	1673	d268cfb759633b51dccf5d88245d9382be74f91df3aee5c66b808e9ac43defa1
assets/megacells/models/block/drive/cells/1m_chemical_cell.json	1670	4b40ae12fb7d2d1ee384d1afd114d3b91fffb75c6c304b6cc84cba24e2639c57
assets/megacells/models/block/drive/cells/1m_experience_cell.json	1676	e552858cdf5200c4c76fe969fd5cd9847e7f7650a31fa4202a452c29670aa844
assets/megacells/models/block/drive/cells/1m_fluid_cell.json	1670	2610b1dd9724be575932ba3a485ccbf52a0a85243d8c457d7133987e209cde37
assets/megacells/models/block/drive/cells/1m_item_cell.json	1670	78f2f2ddddd8844ed5668325a23270c569bbcacfff2dd36ae8239ec1c87fe2c8
assets/megacells/models/block/drive/cells/1m_mana_cell.json	1670	9b6119478dc5965f04e1c8ae8c4d61acc3ad44a5dd1d22cdb8333a44ec730967
assets/megacells/models/block/drive/cells/1m_soul_cell.json	1676	231ce063b1c5921bebdc0ba8a1ca7f947cc473fd0d70055f696e226b183368c4
assets/megacells/models/block/drive/cells/1m_source_cell.json	1673	dc030785ebd9b009d04c90271362ec1c4cd7d220e804a7a3a764b10149446035
assets/megacells/models/block/drive/cells/256m_chemical_cell.json	1673	cf1eccb983ac7f94d9a8c1336a1d7daab5124e2e70f859d9c2639cba4f8f53bc
assets/megacells/models/block/drive/cells/256m_experience_cell.json	1679	75a825c1d3fc76c54f57fcac868456a2a2f8dd0f9192938654cb7c7c6adfd015
assets/megacells/models/block/drive/cells/256m_fluid_cell.json	1673	02dfab5957d111af09713865d6215ddee52d3a96e791171ce27d9291e9497feb
assets/megacells/models/block/drive/cells/256m_item_cell.json	1673	f76d314dc4bef363d640fc50ca9f351259e1522d8d411b9ebe11a23965f26acc
assets/megacells/models/block/drive/cells/256m_mana_cell.json	1673	7bc022d6d4b629b3f15b71e482c41ca977e2de7943feb0558233e475f32e91a4
assets/megacells/models/block/drive/cells/256m_soul_cell.json	1679	cded7894bb79a8d8da22d1e6f4585eab8f758ec5a0f0449e9d8d931f7ea165fe
assets/megacells/models/block/drive/cells/256m_source_cell.json	1676	a43f82ddc50fdce1e081b077b10f288068f00e93b48c4946c4c19229302e33a4
assets/megacells/models/block/drive/cells/4m_chemical_cell.json	1670	f75a33bbeb26f4f5e9d1f7a8432b817b60a96e7039ac268df6562dbb2a186493
assets/megacells/models/block/drive/cells/4m_experience_cell.json	1676	91ab338bb5d329bd7c8daae68051f631d2f1b2a987cb6fc1c399f73854daa37d
assets/megacells/models/block/drive/cells/4m_fluid_cell.json	1670	24d9f57ad182d51c49cfcace89f8bd6fecc4ff999d2c529be94d9253d30cd107
assets/megacells/models/block/drive/cells/4m_item_cell.json	1670	2bc183873cd4079a2280cb2cd6d43edfb83309ab8a18932a891208510f133d5b
assets/megacells/models/block/drive/cells/4m_mana_cell.json	1670	8c37851870abbbf8615d2d63e14f3195d2ca4e0b228ff06c3b650a10538dca07
assets/megacells/models/block/drive/cells/4m_soul_cell.json	1676	9c9a0c337960870be5a0aad58111835457ca15bb9ffc05a0f71e9bf5b4b342dd
assets/megacells/models/block/drive/cells/4m_source_cell.json	1673	eb8142b16d85ef74b6f49f60e66b553ca8be9814fd3230ae2a498caa49f348d5
assets/megacells/models/block/drive/cells/64m_chemical_cell.json	1670	5bba4bf12dd5d30b570717fa49a68d7e1b2f5e8c9c3b0484d22381b336350371
assets/megacells/models/block/drive/cells/64m_experience_cell.json	1676	e70b4380b6c555f0cacea90f2edaa20e6738ed9ef05b0102adb3dcf4a678dd4d
assets/megacells/models/block/drive/cells/64m_fluid_cell.json	1670	e3596f14144f764c2c3f48254d26f1f0d1d51068a510e7e9ccdf749a9937be89
assets/megacells/models/block/drive/cells/64m_item_cell.json	1670	63c6ac5f2ecf248f45d12247eca07e3dfc8a61ed44ce4bb3f3f5aa67341c97e3
assets/megacells/models/block/drive/cells/64m_mana_cell.json	1670	a410a3c52e0d2e43d0b2347a7a21620d4189a61dbadbc8a3c79b656cd0e3a2cb
assets/megacells/models/block/drive/cells/64m_soul_cell.json	1676	5ca78540cce2afedb10f87d785b71863b30e692ff1b5310bf609106082298808
assets/megacells/models/block/drive/cells/64m_source_cell.json	1673	92b37583fc8c00fdb40e932fc812dd8567a33f4003996b243196b1da61f4742b
assets/megacells/models/block/drive/cells/bulk_item_cell.json	890	0d335d54182e6e8649c8925894efe785c6611a2972a2e9ac79b245732aa793e6
assets/megacells/models/block/drive/cells/radioactive_chemical_cell.json	890	c73c1905d77582ad648e60b79c699927991c096555ceb7b498233284cf9d12bb
assets/megacells/models/part/cell_dock.json	2697	0a604dc2b4d1afef6a942ea840716fb38b58faed057d4878ca62609fafaab665
assets/megacells/textures/block/drive/cells/misc_cell.png	150	d729a766aaaa0bec4f51192a931a6abb99ce8ed2ef882d36a3c8a81d65801c00
assets/megacells/textures/block/drive/cells/standard_cell.png	323	b409b21a12f5c70bde699f2933702ebfc4f1c76af462cf077ddfa25ee56d828a
assets/megacells/textures/block/drive/cells/standard_cell_tiers.png	163	c04c2e147674a6c5c963b0ccb4d81439c2b4cdf46b6de28bfcd7670964c77da6
assets/megacells/textures/part/cell_dock.png	247	8db5d93a100c92d3c1743c566959ee005240e8e505b755711c46d39388348917
assets/megacells/textures/part/cell_dock_side.png	259	b0b0dbd9d12956e6909acb8ccc6cc762dcdcabe19054b38069ec3aae1d18c0ec
